name,job_category,skills,education,years_of_experience,projects,certifications,resume_text
Mona Ibrahim,Data Engineer,"Spark, ETL, Airflow, Data Warehousing",BSc Computer Science,3,Airflow workflow,Databricks Fundamentals,
Ahmed Hassan,Data Engineer,"Python, AWS, ETL, Spark",BSc Information Systems,2,ETL pipeline,AWS Data Analytics,
Mona Ibrahim,Data Engineer,"Airflow, Data Warehousing, AWS, Spark",BSc Software Engineering,6,ETL pipeline,AWS Data Analytics,
Sara Ali,Data Engineer,"SQL, Spark, Python, AWS",BSc Cybersecurity,3,data warehouse dashboard,Databricks Fundamentals,
Hana Tarek,Data Engineer,"Python, Spark, AWS, Airflow",BSc Software Engineering,6,Airflow workflow,Google Data Engineer,
Omar Khaled,Data Engineer,"Data Warehousing, SQL, ETL, AWS",BSc Cybersecurity,1,ETL pipeline,Databricks Fundamentals,
Omar Khaled,Data Engineer,"SQL, Spark, Airflow, Data Warehousing",BSc Data Science,6,ETL pipeline,AWS Data Analytics,
Nour Adel,Data Engineer,"Airflow, AWS, Spark, Data Warehousing",BSc Information Systems,1,data warehouse dashboard,Google Data Engineer,
Laila Mostafa,Data Engineer,"ETL, Airflow, SQL, Data Warehousing",BSc Software Engineering,1,Airflow workflow,AWS Data Analytics,
Nour Adel,Data Engineer,"SQL, ETL, Airflow, Python",BSc Data Science,1,data warehouse dashboard,AWS Data Analytics,
Youssef Samir,Data Engineer,"Airflow, ETL, Data Warehousing, Spark",BSc Data Science,6,ETL pipeline,AWS Data Analytics,
Karim Fathy,Data Engineer,"ETL, Spark, AWS, SQL",BSc Software Engineering,2,data warehouse dashboard,AWS Data Analytics,
Ahmed Hassan,Data Engineer,"AWS, Python, SQL, ETL",BSc Data Science,3,Airflow workflow,Databricks Fundamentals,
Laila Mostafa,AI Engineer,"PyTorch, Python, TensorFlow, Machine Learning",BSc Computer Science,6,resume screening model,TensorFlow Developer,
Hana Tarek,AI Engineer,"Machine Learning, Deep Learning, Python, TensorFlow",BSc Information Systems,1,image classification model,Machine Learning Specialization,
Karim Fathy,AI Engineer,"TensorFlow, Python, Machine Learning, Deep Learning",BSc Data Science,8,resume screening model,Machine Learning Specialization,
Nour Adel,AI Engineer,"TensorFlow, Python, Machine Learning, Numpy",BSc Computer Science,1,resume screening model,TensorFlow Developer,
Omar Khaled,AI Engineer,"Numpy, Python, PyTorch, Machine Learning",BSc Computer Science,8,image classification model,Machine Learning Specialization,
Hana Tarek,Software Engineer,"REST APIs, Java, React, Git",BSc Cybersecurity,2,REST API,AWS Cloud Practitioner,
Ahmed Hassan,Software Engineer,"Python, Git, JavaScript, Java",BSc Data Science,3,web application,Meta Front-End Developer,
Youssef Samir,Software Engineer,"JavaScript, Python, Git, REST APIs",BSc Computer Science,2,web application,Oracle Java Foundations,
Hana Tarek,Software Engineer,"Java, Python, Git, JavaScript",BSc Computer Science,3,web application,Oracle Java Foundations,
Youssef Samir,Software Engineer,"JavaScript, REST APIs, Java, Git",BSc Cybersecurity,6,REST API,Oracle Java Foundations,
Youssef Samir,AI Engineer,"Deep Learning, PyTorch, TensorFlow, Machine Learning",BSc Computer Science,8,resume screening model,TensorFlow Developer,
Sara Ali,AI Engineer,"Machine Learning, Numpy, Python, Deep Learning",BSc Computer Science,6,image classification model,Azure AI Fundamentals,"Sara Ali
AI Engineer

Professional Summary
Synthetic candidate profile for a AI Engineer role with 6 years of experience.

Technical Skills
- Machine Learning, Numpy, Python, Deep Learning

Education
- BSc Computer Science

Projects
- image classification model

Certifications
- Azure AI Fundamentals
"
Nour Adel,AI Engineer,"TensorFlow, Numpy, Python, Deep Learning",BSc Software Engineering,1,image classification model,Machine Learning Specialization,"Nour Adel
AI Engineer

Professional Summary
Synthetic candidate profile for a AI Engineer role with 1 years of experience.

Technical Skills
- TensorFlow, Numpy, Python, Deep Learning

Education
- BSc Software Engineering

Projects
- image classification model

Certifications
- Machine Learning Specialization
"
Mona Ibrahim,AI Engineer,"Numpy, Deep Learning, TensorFlow, Python",BSc Cybersecurity,3,chatbot prototype,TensorFlow Developer,"Mona Ibrahim
AI Engineer

Professional Summary
Synthetic candidate profile for a AI Engineer role with 3 years of experience.

Technical Skills
- Numpy, Deep Learning, TensorFlow, Python

Education
- BSc Cybersecurity

Projects
- chatbot prototype

Certifications
- TensorFlow Developer
"
Sara Ali,AI Engineer,"Python, SQL, Machine Learning, TensorFlow, PyTorch, Excel, About, Shape",BSc Software Engineering,5,"Requirements-based project using Python, SQL, Machine Learning, TensorFlow, PyTorch",Machine Learning Specialization,"Sara Ali
AI Engineer

Professional Summary
Synthetic high-match candidate profile based on the provided requirements. Experience focuses on Python, SQL, Machine Learning, TensorFlow, PyTorch.

Technical Skills
- Python
- SQL
- Machine Learning
- TensorFlow
- PyTorch
- Excel
- About
- Shape

Experience
- Built project workflows that match the provided requirements.
- Prepared reliable outputs, documented steps, and supported review.
- Used quality checks to reduce errors and improve delivery.

Projects
- Requirements-based project using Python, SQL, Machine Learning, TensorFlow, PyTorch

Education
- BSc Software Engineering

Certifications
- Machine Learning Specialization
"
Omar ElMasry,AI Engineer,"Python, Machine Learning, Data Science, R, Pandas, NumPy, Communication, About",BSc Computer Science or related field,2,"Requirements-based project using Python, Machine Learning, Data Science, R, Pandas",Machine Learning Specialization,"Name: Omar ElMasry

Target Role: AI Engineer

Contact  
Email: omar.elmasry@synthetica.dev  
Phone: +20 10 1234 5678  
Location: Cairo, Egypt  
LinkedIn: linkedin.com/in/omar-ai-demo  
GitHub: github.com/omasry-ai  

Professional Summary  
Data Scientist and Machine Learning Engineer with 3+ years of hands-on experience in designing, developing, and deploying advanced machine learning models in production environments. Skilled in extracting business insights from large, complex datasets and collaborating with cross-functional teams to deliver impactful AI solutions. Expert in Python, data analysis, and state-of-the-art model development, with a strong background in NLP, information extraction, model optimization, and AI agent design. Recognized for strong communication abilities and a passion for driving innovation through data science.

Education  
MSc in Data Science  
Cairo University, Faculty of Computers & Artificial Intelligence  
2018 – 2020

BSc in Computer Science  
Helwan University, Egypt  
2014 – 2018

Professional Experience  

Senior Machine Learning Engineer  
EgyData Solutions, Cairo, Egypt  
March 2022 – Present  
- Lead the end-to-end lifecycle of machine learning projects for multinational clients, focusing on real-time anomaly detection and NLP-based information extraction.  
- Designed, built, and deployed scalable classification and recommendation models using Python, scikit-learn, and TensorFlow.  
- Collaborated with data engineers, DevOps, and business stakeholders to integrate model outputs into customer-facing web applications, delivering actionable insights and measurable value.  
- Mentored junior data scientists, establishing coding and experimentation best practices.

Data Scientist  
MinaTech Analytics, Cairo, Egypt  
July 2020 – February 2022  
- Developed entity recognition pipelines and vector search engines for unstructured document repositories, improving information retrieval efficiency by 35%.  
- Conducted systematic data exploration and wrangling of multi-terabyte datasets using pandas and SQL.  
- Collaborated with software engineers on productionizing machine learning systems, incorporating MLOps principles for automation and monitoring.  
- Communicated modeling results and business impact clearly to non-technical stakeholders through reports and interactive visualizations.

Projects  

Automated Legal Document Classifier  
- Built an NLP-driven classification system that automatically tags legal contracts based on content and intent using transformers (HuggingFace BERT).  
- Integrated entity extraction to identify parties, dates, and key obligations.  
- Deployed the solution as a scalable RESTful API, enabling downstream applications to leverage classification and extraction in real time.

Fraud Detection AI Agent  
- Designed a machine learning pipeline to detect transaction anomalies and potential fraud in financial data.  
- Employed advanced feature engineering, dimensionality reduction, and ensemble learning for model robustness.  
- Implemented model monitoring to flag concept drift and retrain models with fresh data.

Semantic Search with Vector Databases  
- Developed an unstructured document search solution based on vectorized embeddings (FAISS and spaCy).  
- Enabled contextual and semantic querying over millions of text records, boosting retrieval accuracy over traditional keyword search by 42%.  
- Deployed the engine within a document management system for a major logistics client.

Technical Skills  
Programming: Python, R, Bash  
Data Science Tools: pandas, NumPy, scikit-learn, matplotlib, seaborn  
Machine Learning: Regression, Classification, Clustering, NLP, Entity Recognition, Ensemble Methods, Deep Learning (TensorFlow, Keras)  
NLP: spaCy, NLTK, HuggingFace Transformers  
Data: SQL, NoSQL, Spark, Airflow  
Deployment: Docker, Flask/FastAPI, AWS EC2/Sagemaker  
Version Control: Git, GitHub  
Data Visualization: matplotlib, seaborn, Tableau  
Search & Databases: FAISS, Elasticsearch

Certifications  
- TensorFlow Developer Certificate – TensorFlow (2021)  
- IBM Applied Data Science Professional Certificate (Coursera, 2020)

Soft Skills  
- Strong written & verbal communication  
- Cross-functional team collaboration  
- Stakeholder management  
- Problem-solving and analytical thinking  
- Mentorship and team facilitation  
- Agile and adaptive to new technologies"
Hana Tarek,Cybersecurity Analyst,"Penetration Testing, Linux, SIEM, Network Security",BSc Computer Science,5,security audit,CEH Foundation,"Hana Tarek
Cybersecurity Analyst

Professional Summary
Synthetic candidate profile for a Cybersecurity Analyst role with 5 years of experience.

Technical Skills
- Penetration Testing, Linux, SIEM, Network Security

Education
- BSc Computer Science

Projects
- security audit

Certifications
- CEH Foundation
"
Ahmed Hassan,Cybersecurity Analyst,"Network Security, Penetration Testing, Linux, Python",BSc Data Science,8,network monitoring lab,Security+,"Ahmed Hassan
Cybersecurity Analyst

Professional Summary
Synthetic candidate profile for a Cybersecurity Analyst role with 8 years of experience.

Technical Skills
- Network Security, Penetration Testing, Linux, Python

Education
- BSc Data Science

Projects
- network monitoring lab

Certifications
- Security+
"
Karim Fathy,Cybersecurity Analyst,"SIEM, Linux, Network Security, Python",BSc Data Science,5,network monitoring lab,Security+,"Karim Fathy
Cybersecurity Analyst

Professional Summary
Synthetic candidate profile for a Cybersecurity Analyst role with 5 years of experience.

Technical Skills
- SIEM, Linux, Network Security, Python

Education
- BSc Data Science

Projects
- network monitoring lab

Certifications
- Security+
"
Omar Khaled,Cybersecurity Analyst,"Network Security, Penetration Testing, Python, Linux, SIEM",BSc Computer Science,6,phishing detection report,Cisco CyberOps,"Omar Khaled  
Cybersecurity Analyst

Contact  
Email: omar.khaled.cyber@demoemail.com  
Phone: +20 100 123 4567  
Location: Cairo, Egypt  
LinkedIn: linkedin.com/in/omar-khaled-cyber  
GitHub: github.com/okhaled-cyber

Professional Summary  
Cybersecurity Analyst with 6 years of experience in protecting enterprise infrastructure across banking and tech sectors. Skilled in network security, penetration testing, Python scripting, and SIEM administration. Recognized for developing effective phishing detection systems and leading incident response. Strong fundamentals in Linux environments and a proactive approach to evolving cyber threats. Cisco CyberOps certified and eager to contribute analytical expertise in dynamic security teams.

Education  
BSc in Computer Science  
Faculty of Computers and Information, Cairo Innovations University  
Graduated: 2017

Professional Experience  

Cybersecurity Analyst  
Nile Secure Technologies, Cairo, Egypt  
August 2020 – Present  
- Led network security monitoring for 300+ endpoints, deploying SIEM rules for 24/7 visibility and incident detection.  
- Conducted periodic penetration tests using Kali Linux and custom Python exploits, identifying and reporting on 45+ vulnerabilities annually.  
- Implemented phishing response workflow, reducing response time to email attacks by 40%.  
- Provided training to IT support and new hires on secure password practices and recognizing phishing attempts.  
- Coordinated with vendors to update firewalls and maintain endpoint detection tools.

Junior Network Security Analyst  
Cairo eBank Solutions, Cairo, Egypt  
July 2017 – July 2020  
- Supported security operations including alert triage and log analysis through QRadar SIEM.  
- Automated detection of suspicious network traffic using Python scripts.  
- Assisted in vulnerability assessments and patch management for Linux servers.  
- Contributed to drafting monthly security reports for compliance audits.  
- Collaborated with IT to address and close incident tickets within SLA.

Projects

Phishing Detection & Reporting Enhancement  
2023  
Designed and implemented an internal phishing detection system analyzing email meta-data and attachment patterns. Generated comprehensive monthly reports tracking trends, sources, and user susceptibility, leading to targeted training modules implemented across the organization.

Internal Penetration Testing Toolkit (IPT-Tool)  
2022  
Developed a custom Python-based toolkit for internal use during penetration tests, automating reconnaissance and vulnerability scanning for Linux endpoints. Reduced assessment times by 25% and standardized reporting for compliance needs.

Log Aggregation and SIEM Dashboard Automation  
2021  
Built automated scripts to aggregate logs from multiple network segments into a centralized SIEM dashboard. Enabled real-time visualization of anomalies and streamlined response workflows for the Analyst team.

Technical Skills

Network Security  
- Firewalls (Cisco, pfSense)  
- IDS/IPS deployment  
- Network segmentation  

Penetration Testing  
- Kali Linux  
- Metasploit  
- Burp Suite  
- Vulnerability scanning

Programming & Automation  
- Python (automation, scripting)  
- Bash scripting

Platforms & Tools  
- Linux (Ubuntu, CentOS)  
- Windows Server  
- SIEM (QRadar, Splunk)  
- Wireshark

Certifications  
Cisco Certified CyberOps Associate (CCCA)  
Issued 2019

Soft Skills  
- Analytical thinking  
- Attention to detail  
- Effective communication  
- Team collaboration  
- Incident response under pressure  
- Technical documentation"
Nour Adel,Cybersecurity Analyst,"Penetration Testing, SIEM, Network Security, Python, Linux",BSc Data Science,8,security audit,Security+,"Nour Adel  
Target Role: Cybersecurity Analyst  
Email: nour.adel.demo@gmail.com | Phone: +20 155 123 4567  
Location: Cairo, Egypt  
LinkedIn: linkedin.com/in/nour-adel-demo | GitHub: github.com/nouradel-cyber  

PROFESSIONAL SUMMARY  
Analytical and detail-oriented Cybersecurity Analyst with 8 years of hands-on experience securing enterprise networks, performing penetration tests, and managing security events for organizations in financial and technology sectors. Proven track record in vulnerability assessment, incident response, and implementation of proactive security measures. Strong coding background in Python, skilled in Linux-based environments, and passionate about continuous learning in information security. Adept at translating security findings into clear business recommendations.

EDUCATION  
BSc in Data Science  
Egyptian Institute of Technology, Cairo  
Graduated: 2016

PROFESSIONAL EXPERIENCE

Cybersecurity Analyst  
Delta Secure Systems, Cairo, Egypt  
Mar 2020 – Present  
- Led end-to-end penetration testing initiatives for three major clients, identifying and remediating critical vulnerabilities that reduced security risk exposure by 36%.  
- Developed custom security scripts in Python to automate log parsing, threat detection, and vulnerability scanning, improving incident response times by 40%.  
- Configured and maintained SIEM tools (Splunk, IBM QRadar) to monitor network traffic, analyze security alerts, and generate actionable reports for IT management.  
- Coordinated incident response for 12+ security events, performing root cause analysis and recommending network hardening strategies.  
- Delivered security awareness workshops, training over 80 employees on best practices and phishing prevention.

Information Security Associate  
Nexware IT Solutions, Cairo, Egypt  
Aug 2016 – Feb 2020  
- Supported the development and enforcement of security policies, standards, and procedures across Linux and Windows platforms.  
- Conducted vulnerability assessments and provided actionable remediation plans to IT infrastructure teams.  
- Assisted in implementing firewalls, IDS/IPS, and endpoint protection tools for enhanced network defense.  
- Performed forensic analysis on compromised systems, preparing detailed documentation and reports for internal stakeholders.  
- Collaborated with the software development team to review new application features for security compliance.

PROJECTS

Enterprise Security Audit for Financial Network  
Led a comprehensive audit of a mid-size bank’s network infrastructure, including firewall rulebase review, DMZ segmentation analysis, and application vulnerability scanning. Delivered a 40-page report with prioritized remediation actions, some of which were incorporated into annual IT planning.

Automated Threat Intelligence Aggregation Tool  
Designed and implemented a Python-based tool that aggregates threat intelligence feeds from multiple open-source databases, automates IOC enrichment, and feeds the data into the SIEM. Reduced manual threat analysis and increased SOC response efficiency.

Internal Phishing Simulation Platform  
Developed an in-house phishing simulation and reporting system for Delta Secure Systems. Conducted quarterly phishing campaigns, analyzed results, and created tailored training materials for teams. Noted a 60% reduction in susceptibility rates over one year.

TECHNICAL SKILLS

Penetration Testing:  
- Kali Linux, Metasploit, Burp Suite, Nmap, Wireshark, OWASP ZAP

Security Monitoring & SIEM:  
- Splunk, IBM QRadar, ELK Stack, LogRhythm

Network Security:  
- IDS/IPS, Firewalls (Cisco ASA, pfSense), VLAN segmentation, VPNs

Programming & Scripting:  
- Python, Bash, PowerShell

Operating Systems:  
- Linux (Ubuntu, CentOS), Windows Server

Additional Tools:  
- Git, Docker, JIRA, Nessus, Cisco Packet Tracer

CERTIFICATIONS

- CompTIA Security+ (Issued: 2017)
- (Additional certificates available upon request)

SOFT SKILLS

- Analytical Problem Solving
- Clear and Concise Communication
- Team Collaboration
- Time Management
- Adaptability
- Documentation & Reporting
- Training & Knowledge Sharing

References available on request."
SARA ALI,Cybersecurity Analyst,"Penetration Testing, Linux, Network Security, Python, SIEM",BSc Computer Science,6,phishing detection report,CEH Foundation,"SARA ALI  
Target Role: Cybersecurity Analyst

Contact Information:  
Email: sara.ali.secure@demoemail.com  
Phone: +20 155 900 8841  
Location: Cairo, Egypt  
LinkedIn: linkedin.com/in/sara-ali-demo  
GitHub: github.com/sara-ali-cyber

-------------------------------------------------------------------

PROFESSIONAL SUMMARY  
Cybersecurity Analyst with 6 years of experience in penetration testing, network defense, and threat analysis. Extensive hands-on expertise in Linux-based security environments, scripting with Python, and monitoring through SIEM platforms. Adept in identifying vulnerabilities, strengthening digital infrastructure, and leading incident response initiatives. Skilled collaborator with a proven record of delivering actionable security insights and project leadership.

-------------------------------------------------------------------

EDUCATION  
BSc in Computer Science  
Nile University, Cairo, Egypt  
Graduated: July 2018

-------------------------------------------------------------------

PROFESSIONAL EXPERIENCE

Security Analyst  
TechShield Solutions, Cairo, Egypt  
August 2020 – Present
- Conduct advanced penetration testing for banking and retail clients, uncovering critical vulnerabilities and delivering remediation plans to IT teams.
- Developed automated scripts in Python to streamline log analysis, rapidly identifying potential breach activity.
- Led deployment and fine-tuning of SIEM (Splunk) to enhance real-time detection of network intrusion and anomalous activity.
- Delivered security awareness training sessions to non-technical staff, reducing phishing incident rates by 35%.
- Prepared weekly network risk assessment reports for management and compliance teams.

Cybersecurity Junior Specialist  
SecureBridge IT Services, Cairo, Egypt  
July 2018 – July 2020
- Supported daily monitoring of enterprise networks, responding to alerts and escalating security events as required.
- Assisted in quarterly vulnerability assessments, utilizing Kali Linux and Metasploit to test web applications and infrastructure.
- Collaborated with the incident response team during simulated attack exercises and post-event analysis.
- Documented best practice guidelines for new security software deployments.

-------------------------------------------------------------------

PROJECTS

Phishing Detection System & Awareness Report (2023)
- Designed and implemented a Python-based phishing email detection tool utilizing natural language processing and heuristic analysis.
- Generated a comprehensive report for company leadership outlining detected trends, impact analysis, and mitigation strategies.
- Resulted in a 50% decrease in successful phishing attempts post-implementation.

Network Penetration Testing Lab (2021)
- Developed an isolated virtual lab on Linux for conducting hands-on penetration tests of proprietary software and simulated environments.
- Authored detailed findings for DevOps and QA teams, informing application updates and improved security policies.

Real-time Threat Monitoring Dashboard (2020)
- Built a customizable SIEM dashboard for real-time tracking of security events and log aggregation.
- Integrated alerts for unusual outbound traffic and automated notification systems, reducing response time to incidents by 20%.

-------------------------------------------------------------------

TECHNICAL SKILLS

Penetration Testing: Kali Linux, Metasploit, Burp Suite, Nmap  
Network Security: Firewalls, IDS/IPS, Wireshark, TCP/IP protocols  
Operating Systems: Linux (Ubuntu, CentOS), Windows Server  
Programming & Scripting: Python, Bash, PowerShell  
Monitoring & SIEM: Splunk, AlienVault, ELK Stack  
Vulnerability Management: OpenVAS, Nessus, Nikto  

-------------------------------------------------------------------

CERTIFICATIONS

CEH Foundation (Certified Ethical Hacker - Foundation Level), 2022

-------------------------------------------------------------------

SOFT SKILLS

Analytical Thinking   |   Problem Solving   |   Team Collaboration  
Report Writing   |   Attention to Detail   |   Communication Skills  
Initiative   |   Time Management"
